{
  "attack_params": {
    "n": 128,
    "log_q": 10,
    "log_p": 10,
    "w": 16,
    "lwe_sigma": 3.2,
    "beta": 40,
    "single_guess_succ": 0.2,
    "float_type": "d",
    "k": 30,
    "m": 77,
    "b": 40
  },
  "repeats_distr": {
    "24": 1,
    "51": 1,
    "76": 1,
    "79": 1,
    "25": 1,
    "46": 1,
    "23": 1,
    "89": 1,
    "164": 1,
    "50": 1
  },
  "runtimes": [
    117.04371380805969,
    125.86708450317383,
    129.88072085380554,
    130.18246269226074,
    118.31058239936829,
    124.17433643341064,
    116.91849994659424,
    134.41341280937195,
    254.97993183135986,
    125.58389329910278
  ],
  "avg runtime": 137.73546385765076,
  "avg repeats": 62.7,
  "successful": 10,
  "success_prob": 1.0
}