{
  "attack_params": {
    "n": 128,
    "log_q": 30,
    "log_p": 15,
    "w": 20,
    "lwe_sigma": 3.2,
    "beta": 40,
    "single_guess_succ": 0.6,
    "float_type": "d",
    "k": 0,
    "m": 35,
    "b": 40
  },
  "repeats_distr": {
    "1": 9
  },
  "runtimes": [
    104.86281538009644,
    97.84081840515137,
    93.01531481742859,
    94.7200071811676,
    104.87515497207642,
    89.98693108558655,
    94.0191125869751,
    93.39104795455933,
    95.7229630947113
  ],
  "avg runtime": 96.49268505308363,
  "avg repeats": 1.0,
  "successful": 9,
  "success_prob": 0.9
}