{
  "attack_params": {
    "n": 128,
    "log_q": 10,
    "log_p": 10,
    "w": 8,
    "lwe_sigma": 3.2,
    "beta": 20,
    "single_guess_succ": 0.2,
    "float_type": "d",
    "k": 38,
    "m": 67,
    "b": 20
  },
  "repeats_distr": {
    "36": 1,
    "42": 1,
    "14": 1,
    "23": 1,
    "5": 1,
    "8": 1,
    "62": 1,
    "56": 1,
    "27": 1,
    "7": 1
  },
  "runtimes": [
    25.484008312225342,
    25.464283227920532,
    24.720240116119385,
    24.67279887199402,
    23.58840847015381,
    24.050622940063477,
    24.896698713302612,
    25.49234414100647,
    25.28718876838684,
    23.758313417434692
  ],
  "avg runtime": 24.74149069786072,
  "avg repeats": 28.0,
  "successful": 10,
  "success_prob": 1.0
}