{
  "attack_params": {
    "n": 128,
    "log_q": 50,
    "log_p": 15,
    "w": 20,
    "lwe_sigma": 3.2,
    "beta": 40,
    "single_guess_succ": 0.6,
    "float_type": "d",
    "k": 0,
    "m": 35,
    "b": 40
  },
  "repeats_distr": {
    "1": 9
  },
  "runtimes": [
    102.53868770599365,
    103.57314872741699,
    99.8533706665039,
    97.01845383644104,
    102.7682774066925,
    91.77496910095215,
    94.04049849510193,
    103.19874119758606,
    101.66673493385315
  ],
  "avg runtime": 99.6036535633935,
  "avg repeats": 1.0,
  "successful": 9,
  "success_prob": 0.9
}