{
  "attack_params": {
    "n": 192,
    "log_q": 30,
    "log_p": 15,
    "w": 8,
    "lwe_sigma": 3.2,
    "beta": 40,
    "single_guess_succ": 0.7,
    "float_type": "d",
    "k": 76,
    "m": 18,
    "b": 40
  },
  "repeats_distr": {
    "2": 1,
    "184": 1,
    "94": 1,
    "37": 1,
    "44": 1,
    "180": 1,
    "63": 1,
    "31": 1,
    "65": 1,
    "75": 1
  },
  "runtimes": [
    38.23907518386841,
    91.22356653213501,
    50.01435160636902,
    42.010074853897095,
    42.888397216796875,
    91.30056047439575,
    42.97844338417053,
    42.11923623085022,
    45.1113543510437,
    43.98549222946167
  ],
  "avg runtime": 52.98705520629883,
  "avg repeats": 77.5,
  "successful": 10,
  "success_prob": 1.0
}