{
  "attack_params": {
    "n": 192,
    "log_q": 30,
    "log_p": 10,
    "w": 8,
    "lwe_sigma": 3.2,
    "beta": 40,
    "single_guess_succ": 0.7,
    "float_type": "dd",
    "k": 58,
    "m": 104,
    "b": 40
  },
  "repeats_distr": {
    "34": 1,
    "25": 1,
    "69": 1,
    "6": 1,
    "54": 1,
    "12": 1,
    "2": 1
  },
  "runtimes": [
    512.3265924453735,
    503.53729128837585,
    547.7697122097015,
    482.8888282775879,
    526.7102255821228,
    494.6579124927521,
    461.0727701187134
  ],
  "avg runtime": 504.1376189163753,
  "avg repeats": 28.857142857142858,
  "successful": 7,
  "success_prob": 0.7
}