{
  "attack_params": {
    "n": 192,
    "log_q": 30,
    "log_p": 10,
    "w": 10,
    "lwe_sigma": 3.2,
    "beta": 40,
    "single_guess_succ": 0.7,
    "float_type": "dd",
    "k": 63,
    "m": 100,
    "b": 40
  },
  "repeats_distr": {
    "93": 2,
    "77": 1,
    "20": 1,
    "68": 1,
    "86": 1,
    "30": 1,
    "153": 1
  },
  "runtimes": [
    531.2619342803955,
    504.87776589393616,
    549.7605268955231,
    457.779123544693,
    508.9162242412567,
    519.7925472259521,
    468.5528073310852,
    978.9294295310974
  ],
  "avg runtime": 564.9837948679924,
  "avg repeats": 77.5,
  "successful": 8,
  "success_prob": 0.8
}