{
  "attack_params": {
    "n": 192,
    "log_q": 30,
    "log_p": 15,
    "w": 8,
    "lwe_sigma": 3.2,
    "beta": 40,
    "single_guess_succ": 0.7,
    "float_type": "dd",
    "k": 0,
    "m": 92,
    "b": 40
  },
  "repeats_distr": {
    "1": 5
  },
  "runtimes": [
    988.9225208759308,
    975.1665818691254,
    870.8492448329926,
    1002.9084227085114,
    1101.0032107830048
  ],
  "avg runtime": 987.7699962139129,
  "avg repeats": 1.0,
  "successful": 5,
  "success_prob": 0.5
}