{
  "attack_params": {
    "n": 192,
    "log_q": 30,
    "log_p": 15,
    "w": 30,
    "lwe_sigma": 3.2,
    "beta": 40,
    "single_guess_succ": 0.7,
    "float_type": "dd",
    "k": 22,
    "m": 105,
    "b": 40
  },
  "repeats_distr": {
    "26": 1,
    "87": 1,
    "48": 1,
    "94": 1,
    "235": 1,
    "173": 1,
    "38": 1,
    "18": 1,
    "36": 1
  },
  "runtimes": [
    1097.7920978069305,
    1213.0656433105469,
    1138.259124994278,
    1332.1408541202545,
    3415.71280503273,
    2357.30571269989,
    1120.8833758831024,
    1078.3660020828247,
    1120.5575561523438
  ],
  "avg runtime": 1541.5647968981002,
  "avg repeats": 83.88888888888889,
  "successful": 9,
  "success_prob": 0.9
}