{
  "attack_params": {
    "n": 192,
    "log_q": 30,
    "log_p": 15,
    "w": 20,
    "lwe_sigma": 3.2,
    "beta": 41,
    "single_guess_succ": 0.7,
    "float_type": "dd",
    "k": 0,
    "m": 157,
    "b": 41
  },
  "repeats_distr": {
    "1": 3
  },
  "runtimes": [
    2556.949918270111,
    2476.239715576172,
    2476.685572862625
  ],
  "avg runtime": 2503.291735569636,
  "avg repeats": 1.0,
  "successful": 3,
  "success_prob": 0.3
}