{
  "attack_params": {
    "n": 192,
    "log_q": 30,
    "log_p": 15,
    "w": 16,
    "lwe_sigma": 3.2,
    "beta": 41,
    "single_guess_succ": 0.7,
    "float_type": "dd",
    "k": 0,
    "m": 124,
    "b": 41
  },
  "repeats_distr": {
    "1": 2
  },
  "runtimes": [
    1816.1901459693909,
    1754.966821193695
  ],
  "avg runtime": 1785.578483581543,
  "avg repeats": 1.0,
  "successful": 2,
  "success_prob": 0.2
}