{
  "attack_params": {
    "n": 192,
    "log_q": 30,
    "log_p": 15,
    "w": 30,
    "lwe_sigma": 3.2,
    "beta": 48,
    "single_guess_succ": 0.7,
    "float_type": "dd",
    "k": 0,
    "m": 159,
    "b": 48
  },
  "repeats_distr": {
    "1": 6
  },
  "runtimes": [
    10131.813792705536,
    10054.569942235947,
    10022.039635658264,
    10305.75899887085,
    10185.520699262619,
    9901.164755105972
  ],
  "avg runtime": 10100.144637306532,
  "avg repeats": 1.0,
  "successful": 6,
  "success_prob": 0.6
}