{
  "attack_params": {
    "n": 192,
    "log_q": 30,
    "log_p": 15,
    "w": 16,
    "lwe_sigma": 3.2,
    "beta": 40,
    "single_guess_succ": 0.7,
    "float_type": "d",
    "k": 42,
    "m": 50,
    "b": 40
  },
  "repeats_distr": {
    "74": 1,
    "21": 1,
    "66": 1,
    "122": 1,
    "5": 1,
    "99": 1,
    "35": 1,
    "38": 1,
    "44": 1,
    "28": 1
  },
  "runtimes": [
    199.8876931667328,
    180.5603792667389,
    197.41313695907593,
    367.13121247291565,
    173.22038173675537,
    353.68773007392883,
    184.31866455078125,
    186.16967868804932,
    189.14166831970215,
    185.50593781471252
  ],
  "avg runtime": 221.70364830493926,
  "avg repeats": 53.2,
  "successful": 10,
  "success_prob": 1.0
}