{
  "attack_params": {
    "n": 256,
    "log_q": 50,
    "log_p": 15,
    "w": 8,
    "lwe_sigma": 3.2,
    "beta": 40,
    "single_guess_succ": 0.7,
    "float_type": "dd",
    "k": 51,
    "m": 157,
    "b": 40
  },
  "repeats_distr": {
    "7": 2,
    "25": 1,
    "23": 1,
    "1": 1,
    "19": 1,
    "13": 1,
    "4": 1
  },
  "runtimes": [
    2199.93678855896,
    2185.555609703064,
    2372.822253704071,
    2303.7638075351715,
    2126.9046659469604,
    2294.481774330139,
    2286.9612028598785,
    2184.7544391155243
  ],
  "avg runtime": 2244.397567719221,
  "avg repeats": 12.375,
  "successful": 8,
  "success_prob": 0.8
}