{
  "attack_params": {
    "n": 256,
    "log_q": 50,
    "log_p": 15,
    "w": 10,
    "lwe_sigma": 3.2,
    "beta": 40,
    "single_guess_succ": 0.7,
    "float_type": "dd",
    "k": 56,
    "m": 151,
    "b": 40
  },
  "repeats_distr": {
    "9": 1,
    "4": 2,
    "12": 1,
    "19": 1,
    "15": 1,
    "2": 1
  },
  "runtimes": [
    2114.471673965454,
    2094.94504904747,
    2208.2107622623444,
    2189.7095799446106,
    2184.3195221424103,
    2083.2835557460785,
    2087.114576101303
  ],
  "avg runtime": 2137.4363884585246,
  "avg repeats": 9.285714285714286,
  "successful": 7,
  "success_prob": 0.7
}