{
  "attack_params": {
    "n": 256,
    "log_q": 30,
    "log_p": 15,
    "w": 8,
    "lwe_sigma": 3.2,
    "beta": 40,
    "single_guess_succ": 0.7,
    "float_type": "dd",
    "k": 51,
    "m": 157,
    "b": 40
  },
  "repeats_distr": {
    "12": 1,
    "6": 1,
    "5": 1,
    "23": 1,
    "3": 1,
    "14": 1,
    "13": 1
  },
  "runtimes": [
    2331.5615253448486,
    2280.4554872512817,
    2277.3287839889526,
    2354.9925105571747,
    2233.863847255707,
    2323.0450615882874,
    2323.511296749115
  ],
  "avg runtime": 2303.536930390767,
  "avg repeats": 10.857142857142858,
  "successful": 7,
  "success_prob": 0.7
}