{
  "attack_params": {
    "n": 384,
    "log_q": 30,
    "log_p": 15,
    "w": 8,
    "lwe_sigma": 3.2,
    "beta": 40,
    "single_guess_succ": 0.7,
    "float_type": "dd",
    "k": 168,
    "m": 155,
    "b": 45
  },
  "repeats_distr": {
    "50": 1,
    "29": 1
  },
  "runtimes": [
    2759.689368247986,
    2673.6828722953796
  ],
  "avg runtime": 2716.6861202716827,
  "avg repeats": 39.5,
  "successful": 2,
  "success_prob": 0.2
}